Chest/Abdomen/Pelvis,CT Chest/Abdomen/Pelvis
Chest,CT Chest
Lumbar Spine,CT Lumbar Spine
Hip Port,General Radiography Hip
Pelvis,CT Pelvis
MSK RT Shoulder,MRI Shoulder
Abdomen/Pelvis - Pelvis,MRI Abdomen/Pelvis
Abdomen/Pelvis,MRI Abdomen/Pelvis
SPINE LUMBAR,MRI Spine
SPINE L/S,MRI Spine
Ankle,General Radiography Ankle
BRAIN SB,Head
Mammogram - Bilateral,Mammogram
dxAbdomen,Abdomen routine
Lumbar Spine,Lumbar Spine routine
dxLumbar Spine,Lumbar Spine routine
Cervical Spine,Cervical Spine routine
dxCervical Spine,Cervical Spine routine